order_year_month,total_revenue
2023-01,198694.83000000002
2023-02,139191.03
2023-03,49096.28
2023-04,234688.715
2023-05,121331.7
2023-06,195130.38
2023-07,135658.55
2023-08,109733.75
2023-09,172539.595
2023-10,213732.12
2023-11,133755.24000000002
2023-12,102327.48
2024-01,205325.84
2024-02,39108.54
2024-03,124215.35
2024-04,211736.91
2024-05,71828.04
2024-06,184811.72
